{"cameraMode":{"drawMode":0,"name":"Shaded","section":"Shading Mode"},"sceneLighting":true,"audioPlay":false,"sceneViewState":{"showFog":true,"showMaterialUpdate":false,"showSkybox":true,"showFlares":true,"showImageEffects":true,"showParticleSystems":true},"in2DMode":false,"pivot":{"x":0.8773632049560547,"y":2.2084922790527345,"z":-2.423288345336914},"rotation":{"x":0.12863107025623322,"y":0.2629098892211914,"z":-0.03539157286286354,"w":0.9555543661117554},"size":9.028282165527344,"orthographic":false}