{"cameraMode":{"drawMode":0,"name":"Shaded","section":"Shading Mode"},"sceneLighting":true,"audioPlay":false,"sceneViewState":{"showFog":true,"showMaterialUpdate":false,"showSkybox":true,"showFlares":true,"showImageEffects":true,"showParticleSystems":true},"in2DMode":false,"pivot":{"x":0.7014390230178833,"y":-0.05417782813310623,"z":-0.5388862490653992},"rotation":{"x":-0.1272316724061966,"y":0.5691998600959778,"z":-0.08970335125923157,"w":-0.8073335289955139},"size":27.13882064819336,"orthographic":false}