{"cameraMode":{"drawMode":0,"name":"Shaded","section":"Shading Mode"},"sceneLighting":true,"audioPlay":false,"sceneViewState":{"showFog":true,"showMaterialUpdate":false,"showSkybox":true,"showFlares":true,"showImageEffects":true,"showParticleSystems":true},"in2DMode":false,"pivot":{"x":0.7014390230178833,"y":-0.05417782813310623,"z":-0.5388862490653992},"rotation":{"x":-0.10051720589399338,"y":0.5424856543540955,"z":-0.06558280438184738,"w":-0.8314540386199951},"size":646.3128662109375,"orthographic":false}